"","Casa","month_diff","treatment","Mes","Ano","intervention_group","report_intervention_month","information_group","sms_intervention_month","sms_intervention_month_text","wtp_lw_md_h","fraction_lw_md_h","treatment_v2","only_paper","sms_dr","all_months_intervention"
"1","A1",-40,"Treatment","Octubre",2015,"Treatment Pre-Intervention",1,"Lost Willingness to Pay Information Bid",1,"Actively Receiving SMS","low","low","Treatment - Lost Information","Other","Other","Other"
"2","A1",-13,"Treatment","Noviembre",2015,"Treatment Pre-Intervention",0,"Lost Willingness to Pay Information Bid",0,"No SMS","low","low","Treatment - Lost Information","Other","Other","Other"
"3","A1",3,"Treatment","Diciembre",2015,"Treatment Pre-Intervention",0,"Lost Willingness to Pay Information Bid",0,"No SMS","low","low","Treatment - Lost Information","Other","Other","Other"
"4","A1",-69,"Treatment","Enero",2016,"Treatment Pre-Intervention",0,"Lost Willingness to Pay Information Bid",0,"No SMS","low","low","Treatment - Lost Information","Other","Other","Other"
"5","A1",-36,"Treatment","Febrero",2016,"Treatment Pre-Intervention",1,"Lost Willingness to Pay Information Bid",0,"No SMS","low","low","Treatment - Lost Information","Only Paper Intervention","Other","Other"
"6","A1",-45,"Treatment","Marzo",2016,"Treatment Pre-Intervention",1,"Lost Willingness to Pay Information Bid",0,"No SMS","low","low","Treatment - Lost Information","Only Paper Intervention","Other","Other"
"7","A1",-43,"Treatment","Abril",2016,"Treatment Pre-Intervention",1,"Lost Willingness to Pay Information Bid",0,"No SMS","low","low","Treatment - Lost Information","Only Paper Intervention","Other","Other"
"8","A1",-53,"Treatment","Mayo",2016,"Treatment Pre-Intervention",1,"Lost Willingness to Pay Information Bid",0,"No SMS","low","low","Treatment - Lost Information","Only Paper Intervention","Other","Other"
"9","A1",0,"Treatment","Junio",2016,"Treatment Post-Intervention",1,"Lost Willingness to Pay Information Bid",1,"Actively Receiving SMS","low","low","Treatment - Lost Information","Other","DR Intervetnion + SMS","DR Intervetnion + SMS All"
"10","A1",-22,"Treatment","Julio",2016,"Treatment Post-Intervention",1,"Lost Willingness to Pay Information Bid",1,"Actively Receiving SMS","low","low","Treatment - Lost Information","Other","DR Intervetnion + SMS","DR Intervetnion + SMS All"
"11","A1",-84,"Treatment","Agosto",2016,"Treatment Post-Intervention",1,"Lost Willingness to Pay Information Bid",1,"Actively Receiving SMS","low","low","Treatment - Lost Information","Other","DR Intervetnion + SMS","DR Intervetnion + SMS All"
"12","A1",-50,"Treatment","Septiembre",2016,"Treatment Post-Intervention",1,"Lost Willingness to Pay Information Bid",1,"Actively Receiving SMS","low","low","Treatment - Lost Information","Other","DR Intervetnion + SMS","DR Intervetnion + SMS All"
"13","A1",-34,"Treatment","Octubre",2016,"Treatment Post-Intervention",1,"Lost Willingness to Pay Information Bid",1,"Actively Receiving SMS","low","low","Treatment - Lost Information","Other","DR Intervetnion + SMS","DR Intervetnion + SMS All"
"14","A1",-8,"Treatment","Noviembre",2016,"Treatment Post-Intervention",0,"Lost Willingness to Pay Information Bid",0,"No SMS","low","low","Treatment - Lost Information","Other","Other","DR Intervetnion + SMS All"
"15","A1",41,"Treatment","Diciembre",2016,"Treatment Post-Intervention",0,"Lost Willingness to Pay Information Bid",0,"No SMS","low","low","Treatment - Lost Information","Other","Other","DR Intervetnion + SMS All"
"16","A1",118,"Treatment","Enero",2017,"Treatment Post-Intervention",0,"Lost Willingness to Pay Information Bid",0,"No SMS","low","low","Treatment - Lost Information","Other","Other","Other"
"17","A12",54,"Treatment","Octubre",2015,"Treatment Pre-Intervention",1,"Won Willingness to Pay Information Bid",1,"Actively Receiving SMS","medium-low","medium-low","Treatment - Won Information","Other","Other","Other"
"18","A12",48,"Treatment","Noviembre",2015,"Treatment Pre-Intervention",0,"Won Willingness to Pay Information Bid",0,"No SMS","medium-low","medium-low","Treatment - Won Information","Other","Other","Other"
"19","A12",40,"Treatment","Diciembre",2015,"Treatment Pre-Intervention",0,"Won Willingness to Pay Information Bid",0,"No SMS","medium-low","medium-low","Treatment - Won Information","Other","Other","Other"
"20","A12",54,"Treatment","Enero",2016,"Treatment Pre-Intervention",0,"Won Willingness to Pay Information Bid",0,"No SMS","medium-low","medium-low","Treatment - Won Information","Other","Other","Other"
"21","A12",66,"Treatment","Febrero",2016,"Treatment Pre-Intervention",1,"Won Willingness to Pay Information Bid",0,"No SMS","medium-low","medium-low","Treatment - Won Information","Only Paper Intervention","Other","Other"
"22","A12",62,"Treatment","Marzo",2016,"Treatment Pre-Intervention",1,"Won Willingness to Pay Information Bid",0,"No SMS","medium-low","medium-low","Treatment - Won Information","Only Paper Intervention","Other","Other"
"23","A12",62,"Treatment","Abril",2016,"Treatment Pre-Intervention",1,"Won Willingness to Pay Information Bid",0,"No SMS","medium-low","medium-low","Treatment - Won Information","Only Paper Intervention","Other","Other"
"24","A12",65,"Treatment","Mayo",2016,"Treatment Pre-Intervention",1,"Won Willingness to Pay Information Bid",0,"No SMS","medium-low","medium-low","Treatment - Won Information","Only Paper Intervention","Other","Other"
"25","A12",11,"Treatment","Junio",2016,"Treatment Post-Intervention",1,"Won Willingness to Pay Information Bid",1,"Actively Receiving SMS","medium-low","medium-low","Treatment - Won Information","Other","DR Intervetnion + SMS","DR Intervetnion + SMS All"
"26","A12",9,"Treatment","Julio",2016,"Treatment Post-Intervention",1,"Won Willingness to Pay Information Bid",1,"Actively Receiving SMS","medium-low","medium-low","Treatment - Won Information","Other","DR Intervetnion + SMS","DR Intervetnion + SMS All"
"27","A12",0,"Treatment","Agosto",2016,"Treatment Post-Intervention",1,"Won Willingness to Pay Information Bid",1,"Actively Receiving SMS","medium-low","medium-low","Treatment - Won Information","Other","DR Intervetnion + SMS","DR Intervetnion + SMS All"
"28","A12",-8,"Treatment","Septiembre",2016,"Treatment Post-Intervention",1,"Won Willingness to Pay Information Bid",1,"Actively Receiving SMS","medium-low","medium-low","Treatment - Won Information","Other","DR Intervetnion + SMS","DR Intervetnion + SMS All"
"29","A12",-7,"Treatment","Octubre",2016,"Treatment Post-Intervention",1,"Won Willingness to Pay Information Bid",1,"Actively Receiving SMS","medium-low","medium-low","Treatment - Won Information","Other","DR Intervetnion + SMS","DR Intervetnion + SMS All"
"30","A12",-16,"Treatment","Noviembre",2016,"Treatment Post-Intervention",0,"Won Willingness to Pay Information Bid",0,"No SMS","medium-low","medium-low","Treatment - Won Information","Other","Other","DR Intervetnion + SMS All"
"31","A12",-2,"Treatment","Diciembre",2016,"Treatment Post-Intervention",0,"Won Willingness to Pay Information Bid",0,"No SMS","medium-low","medium-low","Treatment - Won Information","Other","Other","DR Intervetnion + SMS All"
"32","A12",40,"Treatment","Enero",2017,"Treatment Post-Intervention",0,"Won Willingness to Pay Information Bid",0,"No SMS","medium-low","medium-low","Treatment - Won Information","Other","Other","Other"
"33","A14",-25,"Treatment","Octubre",2015,"Treatment Pre-Intervention",1,"Lost Willingness to Pay Information Bid",1,"Actively Receiving SMS","medium-high","high","Treatment - Lost Information","Other","Other","Other"
"34","A14",26,"Treatment","Noviembre",2015,"Treatment Pre-Intervention",0,"Lost Willingness to Pay Information Bid",0,"No SMS","medium-high","high","Treatment - Lost Information","Other","Other","Other"
"35","A14",39,"Treatment","Diciembre",2015,"Treatment Pre-Intervention",0,"Lost Willingness to Pay Information Bid",0,"No SMS","medium-high","high","Treatment - Lost Information","Other","Other","Other"
"36","A14",42,"Treatment","Enero",2016,"Treatment Pre-Intervention",0,"Lost Willingness to Pay Information Bid",0,"No SMS","medium-high","high","Treatment - Lost Information","Other","Other","Other"
"37","A14",10,"Treatment","Febrero",2016,"Treatment Pre-Intervention",1,"Lost Willingness to Pay Information Bid",0,"No SMS","medium-high","high","Treatment - Lost Information","Only Paper Intervention","Other","Other"
"38","A14",9,"Treatment","Marzo",2016,"Treatment Pre-Intervention",1,"Lost Willingness to Pay Information Bid",0,"No SMS","medium-high","high","Treatment - Lost Information","Only Paper Intervention","Other","Other"
"39","A14",3,"Treatment","Abril",2016,"Treatment Pre-Intervention",1,"Lost Willingness to Pay Information Bid",0,"No SMS","medium-high","high","Treatment - Lost Information","Only Paper Intervention","Other","Other"
"40","A14",6,"Treatment","Mayo",2016,"Treatment Pre-Intervention",1,"Lost Willingness to Pay Information Bid",0,"No SMS","medium-high","high","Treatment - Lost Information","Only Paper Intervention","Other","Other"
"41","A14",15,"Treatment","Junio",2016,"Treatment Post-Intervention",1,"Lost Willingness to Pay Information Bid",1,"Actively Receiving SMS","medium-high","high","Treatment - Lost Information","Other","DR Intervetnion + SMS","DR Intervetnion + SMS All"
"42","A14",-1,"Treatment","Julio",2016,"Treatment Post-Intervention",1,"Lost Willingness to Pay Information Bid",1,"Actively Receiving SMS","medium-high","high","Treatment - Lost Information","Other","DR Intervetnion + SMS","DR Intervetnion + SMS All"
"43","A14",-17,"Treatment","Agosto",2016,"Treatment Post-Intervention",1,"Lost Willingness to Pay Information Bid",1,"Actively Receiving SMS","medium-high","high","Treatment - Lost Information","Other","DR Intervetnion + SMS","DR Intervetnion + SMS All"
"44","A14",-10,"Treatment","Septiembre",2016,"Treatment Post-Intervention",1,"Lost Willingness to Pay Information Bid",1,"Actively Receiving SMS","medium-high","high","Treatment - Lost Information","Other","DR Intervetnion + SMS","DR Intervetnion + SMS All"
"45","A14",-9,"Treatment","Octubre",2016,"Treatment Post-Intervention",1,"Lost Willingness to Pay Information Bid",1,"Actively Receiving SMS","medium-high","high","Treatment - Lost Information","Other","DR Intervetnion + SMS","DR Intervetnion + SMS All"
"46","A14",-8,"Treatment","Noviembre",2016,"Treatment Post-Intervention",0,"Lost Willingness to Pay Information Bid",0,"No SMS","medium-high","high","Treatment - Lost Information","Other","Other","DR Intervetnion + SMS All"
"47","A14",-20,"Treatment","Diciembre",2016,"Treatment Post-Intervention",0,"Lost Willingness to Pay Information Bid",0,"No SMS","medium-high","high","Treatment - Lost Information","Other","Other","DR Intervetnion + SMS All"
"48","A14",-4,"Treatment","Enero",2017,"Treatment Post-Intervention",0,"Lost Willingness to Pay Information Bid",0,"No SMS","medium-high","high","Treatment - Lost Information","Other","Other","Other"
"49","A16",20,"Treatment","Noviembre",2015,"Treatment Pre-Intervention",0,"Lost Willingness to Pay Information Bid",0,"No SMS","low","low","Treatment - Lost Information","Other","Other","Other"
"50","A16",37,"Treatment","Diciembre",2015,"Treatment Pre-Intervention",0,"Lost Willingness to Pay Information Bid",0,"No SMS","low","low","Treatment - Lost Information","Other","Other","Other"
"51","A16",3,"Treatment","Enero",2016,"Treatment Pre-Intervention",0,"Lost Willingness to Pay Information Bid",0,"No SMS","low","low","Treatment - Lost Information","Other","Other","Other"
"52","A16",78,"Treatment","Febrero",2016,"Treatment Pre-Intervention",1,"Lost Willingness to Pay Information Bid",0,"No SMS","low","low","Treatment - Lost Information","Only Paper Intervention","Other","Other"
"53","A16",36,"Treatment","Marzo",2016,"Treatment Pre-Intervention",1,"Lost Willingness to Pay Information Bid",0,"No SMS","low","low","Treatment - Lost Information","Only Paper Intervention","Other","Other"
"54","A16",49,"Treatment","Abril",2016,"Treatment Pre-Intervention",1,"Lost Willingness to Pay Information Bid",0,"No SMS","low","low","Treatment - Lost Information","Only Paper Intervention","Other","Other"
"55","A16",5,"Treatment","Mayo",2016,"Treatment Pre-Intervention",1,"Lost Willingness to Pay Information Bid",0,"No SMS","low","low","Treatment - Lost Information","Only Paper Intervention","Other","Other"
"56","A16",44,"Treatment","Junio",2016,"Treatment Post-Intervention",1,"Lost Willingness to Pay Information Bid",1,"Actively Receiving SMS","low","low","Treatment - Lost Information","Other","DR Intervetnion + SMS","DR Intervetnion + SMS All"
"57","A16",39,"Treatment","Julio",2016,"Treatment Post-Intervention",1,"Lost Willingness to Pay Information Bid",1,"Actively Receiving SMS","low","low","Treatment - Lost Information","Other","DR Intervetnion + SMS","DR Intervetnion + SMS All"
"58","A16",3,"Treatment","Agosto",2016,"Treatment Post-Intervention",1,"Lost Willingness to Pay Information Bid",1,"Actively Receiving SMS","low","low","Treatment - Lost Information","Other","DR Intervetnion + SMS","DR Intervetnion + SMS All"
"59","A16",26,"Treatment","Septiembre",2016,"Treatment Post-Intervention",1,"Lost Willingness to Pay Information Bid",1,"Actively Receiving SMS","low","low","Treatment - Lost Information","Other","DR Intervetnion + SMS","DR Intervetnion + SMS All"
"60","A16",-98,"Treatment","Octubre",2016,"Treatment Post-Intervention",1,"Lost Willingness to Pay Information Bid",1,"Actively Receiving SMS","low","low","Treatment - Lost Information","Other","DR Intervetnion + SMS","DR Intervetnion + SMS All"
"61","A16",-55,"Treatment","Noviembre",2016,"Treatment Post-Intervention",0,"Lost Willingness to Pay Information Bid",0,"No SMS","low","low","Treatment - Lost Information","Other","Other","DR Intervetnion + SMS All"
"62","A16",-25,"Treatment","Diciembre",2016,"Treatment Post-Intervention",0,"Lost Willingness to Pay Information Bid",0,"No SMS","low","low","Treatment - Lost Information","Other","Other","DR Intervetnion + SMS All"
"63","A16",-37,"Treatment","Enero",2017,"Treatment Post-Intervention",0,"Lost Willingness to Pay Information Bid",0,"No SMS","low","low","Treatment - Lost Information","Other","Other","Other"
"64","A17",40,"Treatment","Octubre",2015,"Treatment Pre-Intervention",1,"Won Willingness to Pay Information Bid",1,"Actively Receiving SMS","high","medium-low","Treatment - Won Information","Other","Other","Other"
"65","A17",18,"Treatment","Noviembre",2015,"Treatment Pre-Intervention",0,"Won Willingness to Pay Information Bid",0,"No SMS","high","medium-low","Treatment - Won Information","Other","Other","Other"
"66","A17",68,"Treatment","Diciembre",2015,"Treatment Pre-Intervention",0,"Won Willingness to Pay Information Bid",0,"No SMS","high","medium-low","Treatment - Won Information","Other","Other","Other"
"67","A17",76,"Treatment","Enero",2016,"Treatment Pre-Intervention",0,"Won Willingness to Pay Information Bid",0,"No SMS","high","medium-low","Treatment - Won Information","Other","Other","Other"
"68","A17",97,"Treatment","Febrero",2016,"Treatment Pre-Intervention",1,"Won Willingness to Pay Information Bid",0,"No SMS","high","medium-low","Treatment - Won Information","Only Paper Intervention","Other","Other"
"69","A17",96,"Treatment","Marzo",2016,"Treatment Pre-Intervention",1,"Won Willingness to Pay Information Bid",0,"No SMS","high","medium-low","Treatment - Won Information","Only Paper Intervention","Other","Other"
"70","A17",106,"Treatment","Abril",2016,"Treatment Pre-Intervention",1,"Won Willingness to Pay Information Bid",0,"No SMS","high","medium-low","Treatment - Won Information","Only Paper Intervention","Other","Other"
"71","A17",91,"Treatment","Mayo",2016,"Treatment Pre-Intervention",1,"Won Willingness to Pay Information Bid",0,"No SMS","high","medium-low","Treatment - Won Information","Only Paper Intervention","Other","Other"
"72","A17",49,"Treatment","Junio",2016,"Treatment Post-Intervention",1,"Won Willingness to Pay Information Bid",1,"Actively Receiving SMS","high","medium-low","Treatment - Won Information","Other","DR Intervetnion + SMS","DR Intervetnion + SMS All"
"73","A17",43,"Treatment","Julio",2016,"Treatment Post-Intervention",1,"Won Willingness to Pay Information Bid",1,"Actively Receiving SMS","high","medium-low","Treatment - Won Information","Other","DR Intervetnion + SMS","DR Intervetnion + SMS All"
"74","A17",26,"Treatment","Agosto",2016,"Treatment Post-Intervention",1,"Won Willingness to Pay Information Bid",1,"Actively Receiving SMS","high","medium-low","Treatment - Won Information","Other","DR Intervetnion + SMS","DR Intervetnion + SMS All"
"75","A17",104,"Treatment","Septiembre",2016,"Treatment Post-Intervention",1,"Won Willingness to Pay Information Bid",1,"Actively Receiving SMS","high","medium-low","Treatment - Won Information","Other","DR Intervetnion + SMS","DR Intervetnion + SMS All"
"76","A17",110,"Treatment","Octubre",2016,"Treatment Post-Intervention",1,"Won Willingness to Pay Information Bid",1,"Actively Receiving SMS","high","medium-low","Treatment - Won Information","Other","DR Intervetnion + SMS","DR Intervetnion + SMS All"
"77","A17",105,"Treatment","Noviembre",2016,"Treatment Post-Intervention",0,"Won Willingness to Pay Information Bid",0,"No SMS","high","medium-low","Treatment - Won Information","Other","Other","DR Intervetnion + SMS All"
"78","A17",93,"Treatment","Diciembre",2016,"Treatment Post-Intervention",0,"Won Willingness to Pay Information Bid",0,"No SMS","high","medium-low","Treatment - Won Information","Other","Other","DR Intervetnion + SMS All"
"79","A17",79,"Treatment","Enero",2017,"Treatment Post-Intervention",0,"Won Willingness to Pay Information Bid",0,"No SMS","high","medium-low","Treatment - Won Information","Other","Other","Other"
"80","A18",-101,"Treatment","Noviembre",2015,"Treatment Pre-Intervention",0,"Won Willingness to Pay Information Bid",0,"No SMS","medium-low","medium-low","Treatment - Won Information","Other","Other","Other"
"81","A18",-55,"Treatment","Diciembre",2015,"Treatment Pre-Intervention",0,"Won Willingness to Pay Information Bid",0,"No SMS","medium-low","medium-low","Treatment - Won Information","Other","Other","Other"
"82","A18",51,"Treatment","Enero",2016,"Treatment Pre-Intervention",0,"Won Willingness to Pay Information Bid",0,"No SMS","medium-low","medium-low","Treatment - Won Information","Other","Other","Other"
"83","A18",59,"Treatment","Febrero",2016,"Treatment Pre-Intervention",1,"Won Willingness to Pay Information Bid",0,"No SMS","medium-low","medium-low","Treatment - Won Information","Only Paper Intervention","Other","Other"
"84","A18",-4,"Treatment","Marzo",2016,"Treatment Pre-Intervention",1,"Won Willingness to Pay Information Bid",0,"No SMS","medium-low","medium-low","Treatment - Won Information","Only Paper Intervention","Other","Other"
"85","A18",9,"Treatment","Abril",2016,"Treatment Pre-Intervention",1,"Won Willingness to Pay Information Bid",0,"No SMS","medium-low","medium-low","Treatment - Won Information","Only Paper Intervention","Other","Other"
"86","A18",11,"Treatment","Mayo",2016,"Treatment Pre-Intervention",1,"Won Willingness to Pay Information Bid",0,"No SMS","medium-low","medium-low","Treatment - Won Information","Only Paper Intervention","Other","Other"
"87","A18",30,"Treatment","Junio",2016,"Treatment Post-Intervention",1,"Won Willingness to Pay Information Bid",1,"Actively Receiving SMS","medium-low","medium-low","Treatment - Won Information","Other","DR Intervetnion + SMS","DR Intervetnion + SMS All"
"88","A18",-2,"Treatment","Julio",2016,"Treatment Post-Intervention",1,"Won Willingness to Pay Information Bid",1,"Actively Receiving SMS","medium-low","medium-low","Treatment - Won Information","Other","DR Intervetnion + SMS","DR Intervetnion + SMS All"
"89","A18",-6,"Treatment","Agosto",2016,"Treatment Post-Intervention",1,"Won Willingness to Pay Information Bid",1,"Actively Receiving SMS","medium-low","medium-low","Treatment - Won Information","Other","DR Intervetnion + SMS","DR Intervetnion + SMS All"
"90","A18",-17,"Treatment","Septiembre",2016,"Treatment Post-Intervention",1,"Won Willingness to Pay Information Bid",1,"Actively Receiving SMS","medium-low","medium-low","Treatment - Won Information","Other","DR Intervetnion + SMS","DR Intervetnion + SMS All"
"91","A18",-22,"Treatment","Octubre",2016,"Treatment Post-Intervention",1,"Won Willingness to Pay Information Bid",1,"Actively Receiving SMS","medium-low","medium-low","Treatment - Won Information","Other","DR Intervetnion + SMS","DR Intervetnion + SMS All"
"92","A18",-9,"Treatment","Noviembre",2016,"Treatment Post-Intervention",0,"Won Willingness to Pay Information Bid",0,"No SMS","medium-low","medium-low","Treatment - Won Information","Other","Other","DR Intervetnion + SMS All"
"93","A18",0,"Treatment","Diciembre",2016,"Treatment Post-Intervention",0,"Won Willingness to Pay Information Bid",0,"No SMS","medium-low","medium-low","Treatment - Won Information","Other","Other","DR Intervetnion + SMS All"
"94","A18",-24,"Treatment","Enero",2017,"Treatment Post-Intervention",0,"Won Willingness to Pay Information Bid",0,"No SMS","medium-low","medium-low","Treatment - Won Information","Other","Other","Other"
"95","A19",79,"Treatment","Octubre",2015,"Treatment Pre-Intervention",1,"Lost Willingness to Pay Information Bid",1,"Actively Receiving SMS","medium-low","low","Treatment - Lost Information","Other","Other","Other"
"96","A19",84,"Treatment","Noviembre",2015,"Treatment Pre-Intervention",0,"Lost Willingness to Pay Information Bid",0,"No SMS","medium-low","low","Treatment - Lost Information","Other","Other","Other"
"97","A19",81,"Treatment","Diciembre",2015,"Treatment Pre-Intervention",0,"Lost Willingness to Pay Information Bid",0,"No SMS","medium-low","low","Treatment - Lost Information","Other","Other","Other"
"98","A19",71,"Treatment","Enero",2016,"Treatment Pre-Intervention",0,"Lost Willingness to Pay Information Bid",0,"No SMS","medium-low","low","Treatment - Lost Information","Other","Other","Other"
"99","A19",83,"Treatment","Febrero",2016,"Treatment Pre-Intervention",1,"Lost Willingness to Pay Information Bid",0,"No SMS","medium-low","low","Treatment - Lost Information","Only Paper Intervention","Other","Other"
"100","A19",145,"Treatment","Marzo",2016,"Treatment Pre-Intervention",1,"Lost Willingness to Pay Information Bid",0,"No SMS","medium-low","low","Treatment - Lost Information","Only Paper Intervention","Other","Other"
"101","A19",146,"Treatment","Abril",2016,"Treatment Pre-Intervention",1,"Lost Willingness to Pay Information Bid",0,"No SMS","medium-low","low","Treatment - Lost Information","Only Paper Intervention","Other","Other"
"102","A19",148,"Treatment","Mayo",2016,"Treatment Pre-Intervention",1,"Lost Willingness to Pay Information Bid",0,"No SMS","medium-low","low","Treatment - Lost Information","Only Paper Intervention","Other","Other"
"103","A19",77,"Treatment","Junio",2016,"Treatment Post-Intervention",1,"Lost Willingness to Pay Information Bid",1,"Actively Receiving SMS","medium-low","low","Treatment - Lost Information","Other","DR Intervetnion + SMS","DR Intervetnion + SMS All"
"104","A19",-27,"Treatment","Julio",2016,"Treatment Post-Intervention",1,"Lost Willingness to Pay Information Bid",1,"Actively Receiving SMS","medium-low","low","Treatment - Lost Information","Other","DR Intervetnion + SMS","DR Intervetnion + SMS All"
"105","A19",38,"Treatment","Agosto",2016,"Treatment Post-Intervention",1,"Lost Willingness to Pay Information Bid",1,"Actively Receiving SMS","medium-low","low","Treatment - Lost Information","Other","DR Intervetnion + SMS","DR Intervetnion + SMS All"
"106","A19",28,"Treatment","Septiembre",2016,"Treatment Post-Intervention",1,"Lost Willingness to Pay Information Bid",1,"Actively Receiving SMS","medium-low","low","Treatment - Lost Information","Other","DR Intervetnion + SMS","DR Intervetnion + SMS All"
"107","A19",62,"Treatment","Octubre",2016,"Treatment Post-Intervention",1,"Lost Willingness to Pay Information Bid",1,"Actively Receiving SMS","medium-low","low","Treatment - Lost Information","Other","DR Intervetnion + SMS","DR Intervetnion + SMS All"
"108","A19",56,"Treatment","Noviembre",2016,"Treatment Post-Intervention",0,"Lost Willingness to Pay Information Bid",0,"No SMS","medium-low","low","Treatment - Lost Information","Other","Other","DR Intervetnion + SMS All"
"109","A19",52,"Treatment","Diciembre",2016,"Treatment Post-Intervention",0,"Lost Willingness to Pay Information Bid",0,"No SMS","medium-low","low","Treatment - Lost Information","Other","Other","DR Intervetnion + SMS All"
"110","A19",32,"Treatment","Enero",2017,"Treatment Post-Intervention",0,"Lost Willingness to Pay Information Bid",0,"No SMS","medium-low","low","Treatment - Lost Information","Other","Other","Other"
"111","A20",77,"Treatment","Octubre",2015,"Treatment Pre-Intervention",1,"Won Willingness to Pay Information Bid",1,"Actively Receiving SMS","medium-low","medium-high","Treatment - Won Information","Other","Other","Other"
"112","A20",31,"Treatment","Noviembre",2015,"Treatment Pre-Intervention",0,"Won Willingness to Pay Information Bid",0,"No SMS","medium-low","medium-high","Treatment - Won Information","Other","Other","Other"
"113","A20",85,"Treatment","Diciembre",2015,"Treatment Pre-Intervention",0,"Won Willingness to Pay Information Bid",0,"No SMS","medium-low","medium-high","Treatment - Won Information","Other","Other","Other"
"114","A20",69,"Treatment","Enero",2016,"Treatment Pre-Intervention",0,"Won Willingness to Pay Information Bid",0,"No SMS","medium-low","medium-high","Treatment - Won Information","Other","Other","Other"
"115","A20",61,"Treatment","Febrero",2016,"Treatment Pre-Intervention",1,"Won Willingness to Pay Information Bid",0,"No SMS","medium-low","medium-high","Treatment - Won Information","Only Paper Intervention","Other","Other"
"116","A20",77,"Treatment","Marzo",2016,"Treatment Pre-Intervention",1,"Won Willingness to Pay Information Bid",0,"No SMS","medium-low","medium-high","Treatment - Won Information","Only Paper Intervention","Other","Other"
"117","A20",71,"Treatment","Abril",2016,"Treatment Pre-Intervention",1,"Won Willingness to Pay Information Bid",0,"No SMS","medium-low","medium-high","Treatment - Won Information","Only Paper Intervention","Other","Other"
"118","A20",-1,"Treatment","Mayo",2016,"Treatment Pre-Intervention",1,"Won Willingness to Pay Information Bid",0,"No SMS","medium-low","medium-high","Treatment - Won Information","Only Paper Intervention","Other","Other"
"119","A20",13,"Treatment","Junio",2016,"Treatment Post-Intervention",1,"Won Willingness to Pay Information Bid",1,"Actively Receiving SMS","medium-low","medium-high","Treatment - Won Information","Other","DR Intervetnion + SMS","DR Intervetnion + SMS All"
"120","A20",-15,"Treatment","Julio",2016,"Treatment Post-Intervention",1,"Won Willingness to Pay Information Bid",1,"Actively Receiving SMS","medium-low","medium-high","Treatment - Won Information","Other","DR Intervetnion + SMS","DR Intervetnion + SMS All"
"121","A20",-65,"Treatment","Agosto",2016,"Treatment Post-Intervention",1,"Won Willingness to Pay Information Bid",1,"Actively Receiving SMS","medium-low","medium-high","Treatment - Won Information","Other","DR Intervetnion + SMS","DR Intervetnion + SMS All"
"122","A20",-61,"Treatment","Septiembre",2016,"Treatment Post-Intervention",1,"Won Willingness to Pay Information Bid",1,"Actively Receiving SMS","medium-low","medium-high","Treatment - Won Information","Other","DR Intervetnion + SMS","DR Intervetnion + SMS All"
"123","A20",-43,"Treatment","Octubre",2016,"Treatment Post-Intervention",1,"Won Willingness to Pay Information Bid",1,"Actively Receiving SMS","medium-low","medium-high","Treatment - Won Information","Other","DR Intervetnion + SMS","DR Intervetnion + SMS All"
"124","A20",-36,"Treatment","Noviembre",2016,"Treatment Post-Intervention",0,"Won Willingness to Pay Information Bid",0,"No SMS","medium-low","medium-high","Treatment - Won Information","Other","Other","DR Intervetnion + SMS All"
"125","A20",-54,"Treatment","Diciembre",2016,"Treatment Post-Intervention",0,"Won Willingness to Pay Information Bid",0,"No SMS","medium-low","medium-high","Treatment - Won Information","Other","Other","DR Intervetnion + SMS All"
"126","A20",-48,"Treatment","Enero",2017,"Treatment Post-Intervention",0,"Won Willingness to Pay Information Bid",0,"No SMS","medium-low","medium-high","Treatment - Won Information","Other","Other","Other"
"127","A21",6,"Treatment","Octubre",2015,"Treatment Pre-Intervention",1,"Won Willingness to Pay Information Bid",1,"Actively Receiving SMS","high","medium-low","Treatment - Won Information","Other","Other","Other"
"128","A21",-14,"Treatment","Noviembre",2015,"Treatment Pre-Intervention",0,"Won Willingness to Pay Information Bid",0,"No SMS","high","medium-low","Treatment - Won Information","Other","Other","Other"
"129","A21",23,"Treatment","Diciembre",2015,"Treatment Pre-Intervention",0,"Won Willingness to Pay Information Bid",0,"No SMS","high","medium-low","Treatment - Won Information","Other","Other","Other"
"130","A21",-18,"Treatment","Enero",2016,"Treatment Pre-Intervention",0,"Won Willingness to Pay Information Bid",0,"No SMS","high","medium-low","Treatment - Won Information","Other","Other","Other"
"131","A21",-2,"Treatment","Febrero",2016,"Treatment Pre-Intervention",1,"Won Willingness to Pay Information Bid",0,"No SMS","high","medium-low","Treatment - Won Information","Only Paper Intervention","Other","Other"
"132","A21",23,"Treatment","Marzo",2016,"Treatment Pre-Intervention",1,"Won Willingness to Pay Information Bid",0,"No SMS","high","medium-low","Treatment - Won Information","Only Paper Intervention","Other","Other"
"133","A21",79,"Treatment","Abril",2016,"Treatment Pre-Intervention",1,"Won Willingness to Pay Information Bid",0,"No SMS","high","medium-low","Treatment - Won Information","Only Paper Intervention","Other","Other"
"134","A21",71,"Treatment","Mayo",2016,"Treatment Pre-Intervention",1,"Won Willingness to Pay Information Bid",0,"No SMS","high","medium-low","Treatment - Won Information","Only Paper Intervention","Other","Other"
"135","A21",41,"Treatment","Junio",2016,"Treatment Post-Intervention",1,"Won Willingness to Pay Information Bid",1,"Actively Receiving SMS","high","medium-low","Treatment - Won Information","Other","DR Intervetnion + SMS","DR Intervetnion + SMS All"
"136","A21",-28,"Treatment","Julio",2016,"Treatment Post-Intervention",1,"Won Willingness to Pay Information Bid",1,"Actively Receiving SMS","high","medium-low","Treatment - Won Information","Other","DR Intervetnion + SMS","DR Intervetnion + SMS All"
"137","A21",-39,"Treatment","Agosto",2016,"Treatment Post-Intervention",1,"Won Willingness to Pay Information Bid",1,"Actively Receiving SMS","high","medium-low","Treatment - Won Information","Other","DR Intervetnion + SMS","DR Intervetnion + SMS All"
"138","A21",-70,"Treatment","Septiembre",2016,"Treatment Post-Intervention",1,"Won Willingness to Pay Information Bid",1,"Actively Receiving SMS","high","medium-low","Treatment - Won Information","Other","DR Intervetnion + SMS","DR Intervetnion + SMS All"
"139","A21",-77,"Treatment","Octubre",2016,"Treatment Post-Intervention",1,"Won Willingness to Pay Information Bid",1,"Actively Receiving SMS","high","medium-low","Treatment - Won Information","Other","DR Intervetnion + SMS","DR Intervetnion + SMS All"
"140","A21",-59,"Treatment","Noviembre",2016,"Treatment Post-Intervention",0,"Won Willingness to Pay Information Bid",0,"No SMS","high","medium-low","Treatment - Won Information","Other","Other","DR Intervetnion + SMS All"
"141","A21",-77,"Treatment","Diciembre",2016,"Treatment Post-Intervention",0,"Won Willingness to Pay Information Bid",0,"No SMS","high","medium-low","Treatment - Won Information","Other","Other","DR Intervetnion + SMS All"
"142","A21",-72,"Treatment","Enero",2017,"Treatment Post-Intervention",0,"Won Willingness to Pay Information Bid",0,"No SMS","high","medium-low","Treatment - Won Information","Other","Other","Other"
"143","A22",-5,"Treatment","Octubre",2015,"Treatment Pre-Intervention",1,"Lost Willingness to Pay Information Bid",1,"Actively Receiving SMS","low","low","Treatment - Lost Information","Other","Other","Other"
"144","A22",46,"Treatment","Noviembre",2015,"Treatment Pre-Intervention",0,"Lost Willingness to Pay Information Bid",0,"No SMS","low","low","Treatment - Lost Information","Other","Other","Other"
"145","A22",41,"Treatment","Diciembre",2015,"Treatment Pre-Intervention",0,"Lost Willingness to Pay Information Bid",0,"No SMS","low","low","Treatment - Lost Information","Other","Other","Other"
"146","A22",4,"Treatment","Enero",2016,"Treatment Pre-Intervention",0,"Lost Willingness to Pay Information Bid",0,"No SMS","low","low","Treatment - Lost Information","Other","Other","Other"
"147","A22",44,"Treatment","Febrero",2016,"Treatment Pre-Intervention",1,"Lost Willingness to Pay Information Bid",0,"No SMS","low","low","Treatment - Lost Information","Only Paper Intervention","Other","Other"
"148","A22",40,"Treatment","Marzo",2016,"Treatment Pre-Intervention",1,"Lost Willingness to Pay Information Bid",0,"No SMS","low","low","Treatment - Lost Information","Only Paper Intervention","Other","Other"
"149","A22",31,"Treatment","Abril",2016,"Treatment Pre-Intervention",1,"Lost Willingness to Pay Information Bid",0,"No SMS","low","low","Treatment - Lost Information","Only Paper Intervention","Other","Other"
"150","A22",15,"Treatment","Mayo",2016,"Treatment Pre-Intervention",1,"Lost Willingness to Pay Information Bid",0,"No SMS","low","low","Treatment - Lost Information","Only Paper Intervention","Other","Other"
"151","A22",1,"Treatment","Junio",2016,"Treatment Post-Intervention",1,"Lost Willingness to Pay Information Bid",1,"Actively Receiving SMS","low","low","Treatment - Lost Information","Other","DR Intervetnion + SMS","DR Intervetnion + SMS All"
"152","A22",-24,"Treatment","Julio",2016,"Treatment Post-Intervention",1,"Lost Willingness to Pay Information Bid",1,"Actively Receiving SMS","low","low","Treatment - Lost Information","Other","DR Intervetnion + SMS","DR Intervetnion + SMS All"
"153","A22",-10,"Treatment","Agosto",2016,"Treatment Post-Intervention",1,"Lost Willingness to Pay Information Bid",1,"Actively Receiving SMS","low","low","Treatment - Lost Information","Other","DR Intervetnion + SMS","DR Intervetnion + SMS All"
"154","A22",-18,"Treatment","Septiembre",2016,"Treatment Post-Intervention",1,"Lost Willingness to Pay Information Bid",1,"Actively Receiving SMS","low","low","Treatment - Lost Information","Other","DR Intervetnion + SMS","DR Intervetnion + SMS All"
"155","A22",-48,"Treatment","Octubre",2016,"Treatment Post-Intervention",1,"Lost Willingness to Pay Information Bid",1,"Actively Receiving SMS","low","low","Treatment - Lost Information","Other","DR Intervetnion + SMS","DR Intervetnion + SMS All"
"156","A22",-15,"Treatment","Noviembre",2016,"Treatment Post-Intervention",0,"Lost Willingness to Pay Information Bid",0,"No SMS","low","low","Treatment - Lost Information","Other","Other","DR Intervetnion + SMS All"
"157","A22",9,"Treatment","Diciembre",2016,"Treatment Post-Intervention",0,"Lost Willingness to Pay Information Bid",0,"No SMS","low","low","Treatment - Lost Information","Other","Other","DR Intervetnion + SMS All"
"158","A22",-4,"Treatment","Enero",2017,"Treatment Post-Intervention",0,"Lost Willingness to Pay Information Bid",0,"No SMS","low","low","Treatment - Lost Information","Other","Other","Other"
"159","A25",-53,"Treatment","Enero",2016,"Treatment Pre-Intervention",0,"Won Willingness to Pay Information Bid",0,"No SMS","medium-low","medium-low","Treatment - Won Information","Other","Other","Other"
"160","A25",-51,"Treatment","Febrero",2016,"Treatment Pre-Intervention",1,"Won Willingness to Pay Information Bid",0,"No SMS","medium-low","medium-low","Treatment - Won Information","Only Paper Intervention","Other","Other"
"161","A25",22,"Treatment","Marzo",2016,"Treatment Pre-Intervention",1,"Won Willingness to Pay Information Bid",0,"No SMS","medium-low","medium-low","Treatment - Won Information","Only Paper Intervention","Other","Other"
"162","A25",-21,"Treatment","Abril",2016,"Treatment Pre-Intervention",1,"Won Willingness to Pay Information Bid",0,"No SMS","medium-low","medium-low","Treatment - Won Information","Only Paper Intervention","Other","Other"
"163","A25",-5,"Treatment","Mayo",2016,"Treatment Pre-Intervention",1,"Won Willingness to Pay Information Bid",0,"No SMS","medium-low","medium-low","Treatment - Won Information","Only Paper Intervention","Other","Other"
"164","A25",-11,"Treatment","Junio",2016,"Treatment Post-Intervention",1,"Won Willingness to Pay Information Bid",1,"Actively Receiving SMS","medium-low","medium-low","Treatment - Won Information","Other","DR Intervetnion + SMS","DR Intervetnion + SMS All"
"165","A25",-42,"Treatment","Julio",2016,"Treatment Post-Intervention",1,"Won Willingness to Pay Information Bid",1,"Actively Receiving SMS","medium-low","medium-low","Treatment - Won Information","Other","DR Intervetnion + SMS","DR Intervetnion + SMS All"
"166","A25",-71,"Treatment","Agosto",2016,"Treatment Post-Intervention",1,"Won Willingness to Pay Information Bid",1,"Actively Receiving SMS","medium-low","medium-low","Treatment - Won Information","Other","DR Intervetnion + SMS","DR Intervetnion + SMS All"
"167","A25",-67,"Treatment","Septiembre",2016,"Treatment Post-Intervention",1,"Won Willingness to Pay Information Bid",1,"Actively Receiving SMS","medium-low","medium-low","Treatment - Won Information","Other","DR Intervetnion + SMS","DR Intervetnion + SMS All"
"168","A25",-68,"Treatment","Octubre",2016,"Treatment Post-Intervention",1,"Won Willingness to Pay Information Bid",1,"Actively Receiving SMS","medium-low","medium-low","Treatment - Won Information","Other","DR Intervetnion + SMS","DR Intervetnion + SMS All"
"169","A25",18,"Treatment","Noviembre",2016,"Treatment Post-Intervention",0,"Won Willingness to Pay Information Bid",0,"No SMS","medium-low","medium-low","Treatment - Won Information","Other","Other","DR Intervetnion + SMS All"
"170","A25",58,"Treatment","Diciembre",2016,"Treatment Post-Intervention",0,"Won Willingness to Pay Information Bid",0,"No SMS","medium-low","medium-low","Treatment - Won Information","Other","Other","DR Intervetnion + SMS All"
"171","A25",57,"Treatment","Enero",2017,"Treatment Post-Intervention",0,"Won Willingness to Pay Information Bid",0,"No SMS","medium-low","medium-low","Treatment - Won Information","Other","Other","Other"
"172","A28",-34,"Treatment","Octubre",2015,"Treatment Pre-Intervention",1,"Lost Willingness to Pay Information Bid",1,"Actively Receiving SMS","medium-low","medium-low","Treatment - Lost Information","Other","Other","Other"
"173","A28",-18,"Treatment","Noviembre",2015,"Treatment Pre-Intervention",0,"Lost Willingness to Pay Information Bid",0,"No SMS","medium-low","medium-low","Treatment - Lost Information","Other","Other","Other"
"174","A28",-69,"Treatment","Diciembre",2015,"Treatment Pre-Intervention",0,"Lost Willingness to Pay Information Bid",0,"No SMS","medium-low","medium-low","Treatment - Lost Information","Other","Other","Other"
"175","A28",-66,"Treatment","Enero",2016,"Treatment Pre-Intervention",0,"Lost Willingness to Pay Information Bid",0,"No SMS","medium-low","medium-low","Treatment - Lost Information","Other","Other","Other"
"176","A28",-49,"Treatment","Febrero",2016,"Treatment Pre-Intervention",1,"Lost Willingness to Pay Information Bid",0,"No SMS","medium-low","medium-low","Treatment - Lost Information","Only Paper Intervention","Other","Other"
"177","A28",-48,"Treatment","Marzo",2016,"Treatment Pre-Intervention",1,"Lost Willingness to Pay Information Bid",0,"No SMS","medium-low","medium-low","Treatment - Lost Information","Only Paper Intervention","Other","Other"
"178","A28",-29,"Treatment","Abril",2016,"Treatment Pre-Intervention",1,"Lost Willingness to Pay Information Bid",0,"No SMS","medium-low","medium-low","Treatment - Lost Information","Only Paper Intervention","Other","Other"
"179","A28",23,"Treatment","Mayo",2016,"Treatment Pre-Intervention",1,"Lost Willingness to Pay Information Bid",0,"No SMS","medium-low","medium-low","Treatment - Lost Information","Only Paper Intervention","Other","Other"
"180","A28",-14,"Treatment","Junio",2016,"Treatment Post-Intervention",1,"Lost Willingness to Pay Information Bid",1,"Actively Receiving SMS","medium-low","medium-low","Treatment - Lost Information","Other","DR Intervetnion + SMS","DR Intervetnion + SMS All"
"181","A28",-130,"Treatment","Julio",2016,"Treatment Post-Intervention",1,"Lost Willingness to Pay Information Bid",1,"Actively Receiving SMS","medium-low","medium-low","Treatment - Lost Information","Other","DR Intervetnion + SMS","DR Intervetnion + SMS All"
"182","A28",-132,"Treatment","Agosto",2016,"Treatment Post-Intervention",1,"Lost Willingness to Pay Information Bid",1,"Actively Receiving SMS","medium-low","medium-low","Treatment - Lost Information","Other","DR Intervetnion + SMS","DR Intervetnion + SMS All"
"183","A28",-142,"Treatment","Septiembre",2016,"Treatment Post-Intervention",1,"Lost Willingness to Pay Information Bid",1,"Actively Receiving SMS","medium-low","medium-low","Treatment - Lost Information","Other","DR Intervetnion + SMS","DR Intervetnion + SMS All"
"184","A28",-173,"Treatment","Octubre",2016,"Treatment Post-Intervention",1,"Lost Willingness to Pay Information Bid",1,"Actively Receiving SMS","medium-low","medium-low","Treatment - Lost Information","Other","DR Intervetnion + SMS","DR Intervetnion + SMS All"
"185","A28",-140,"Treatment","Noviembre",2016,"Treatment Post-Intervention",0,"Lost Willingness to Pay Information Bid",0,"No SMS","medium-low","medium-low","Treatment - Lost Information","Other","Other","DR Intervetnion + SMS All"
"186","A28",-127,"Treatment","Diciembre",2016,"Treatment Post-Intervention",0,"Lost Willingness to Pay Information Bid",0,"No SMS","medium-low","medium-low","Treatment - Lost Information","Other","Other","DR Intervetnion + SMS All"
"187","A28",-127,"Treatment","Enero",2017,"Treatment Post-Intervention",0,"Lost Willingness to Pay Information Bid",0,"No SMS","medium-low","medium-low","Treatment - Lost Information","Other","Other","Other"
"188","A3",221,"Treatment","Octubre",2015,"Treatment Pre-Intervention",1,"Won Willingness to Pay Information Bid",1,"Actively Receiving SMS","high","medium-high","Treatment - Won Information","Other","Other","Other"
"189","A3",236,"Treatment","Noviembre",2015,"Treatment Pre-Intervention",0,"Won Willingness to Pay Information Bid",0,"No SMS","high","medium-high","Treatment - Won Information","Other","Other","Other"
"190","A3",225,"Treatment","Diciembre",2015,"Treatment Pre-Intervention",0,"Won Willingness to Pay Information Bid",0,"No SMS","high","medium-high","Treatment - Won Information","Other","Other","Other"
"191","A3",214,"Treatment","Enero",2016,"Treatment Pre-Intervention",0,"Won Willingness to Pay Information Bid",0,"No SMS","high","medium-high","Treatment - Won Information","Other","Other","Other"
"192","A3",211,"Treatment","Febrero",2016,"Treatment Pre-Intervention",1,"Won Willingness to Pay Information Bid",0,"No SMS","high","medium-high","Treatment - Won Information","Only Paper Intervention","Other","Other"
"193","A3",194,"Treatment","Marzo",2016,"Treatment Pre-Intervention",1,"Won Willingness to Pay Information Bid",0,"No SMS","high","medium-high","Treatment - Won Information","Only Paper Intervention","Other","Other"
"194","A3",197,"Treatment","Abril",2016,"Treatment Pre-Intervention",1,"Won Willingness to Pay Information Bid",0,"No SMS","high","medium-high","Treatment - Won Information","Only Paper Intervention","Other","Other"
"195","A3",191,"Treatment","Mayo",2016,"Treatment Pre-Intervention",1,"Won Willingness to Pay Information Bid",0,"No SMS","high","medium-high","Treatment - Won Information","Only Paper Intervention","Other","Other"
"196","A3",-11,"Treatment","Junio",2016,"Treatment Post-Intervention",1,"Won Willingness to Pay Information Bid",1,"Actively Receiving SMS","high","medium-high","Treatment - Won Information","Other","DR Intervetnion + SMS","DR Intervetnion + SMS All"
"197","A3",10,"Treatment","Julio",2016,"Treatment Post-Intervention",1,"Won Willingness to Pay Information Bid",1,"Actively Receiving SMS","high","medium-high","Treatment - Won Information","Other","DR Intervetnion + SMS","DR Intervetnion + SMS All"
"198","A3",-16,"Treatment","Agosto",2016,"Treatment Post-Intervention",1,"Won Willingness to Pay Information Bid",1,"Actively Receiving SMS","high","medium-high","Treatment - Won Information","Other","DR Intervetnion + SMS","DR Intervetnion + SMS All"
"199","A3",4,"Treatment","Septiembre",2016,"Treatment Post-Intervention",1,"Won Willingness to Pay Information Bid",1,"Actively Receiving SMS","high","medium-high","Treatment - Won Information","Other","DR Intervetnion + SMS","DR Intervetnion + SMS All"
"200","A3",17,"Treatment","Octubre",2016,"Treatment Post-Intervention",1,"Won Willingness to Pay Information Bid",1,"Actively Receiving SMS","high","medium-high","Treatment - Won Information","Other","DR Intervetnion + SMS","DR Intervetnion + SMS All"
"201","A3",-20,"Treatment","Noviembre",2016,"Treatment Post-Intervention",0,"Won Willingness to Pay Information Bid",0,"No SMS","high","medium-high","Treatment - Won Information","Other","Other","DR Intervetnion + SMS All"
"202","A3",2,"Treatment","Diciembre",2016,"Treatment Post-Intervention",0,"Won Willingness to Pay Information Bid",0,"No SMS","high","medium-high","Treatment - Won Information","Other","Other","DR Intervetnion + SMS All"
"203","A3",5,"Treatment","Enero",2017,"Treatment Post-Intervention",0,"Won Willingness to Pay Information Bid",0,"No SMS","high","medium-high","Treatment - Won Information","Other","Other","Other"
"204","A6",43,"Treatment","Octubre",2015,"Treatment Pre-Intervention",1,"Won Willingness to Pay Information Bid",1,"Actively Receiving SMS","medium-low","medium-low","Treatment - Won Information","Other","Other","Other"
"205","A6",-5,"Treatment","Noviembre",2015,"Treatment Pre-Intervention",0,"Won Willingness to Pay Information Bid",0,"No SMS","medium-low","medium-low","Treatment - Won Information","Other","Other","Other"
"206","A6",-12,"Treatment","Diciembre",2015,"Treatment Pre-Intervention",0,"Won Willingness to Pay Information Bid",0,"No SMS","medium-low","medium-low","Treatment - Won Information","Other","Other","Other"
"207","A6",-7,"Treatment","Enero",2016,"Treatment Pre-Intervention",0,"Won Willingness to Pay Information Bid",0,"No SMS","medium-low","medium-low","Treatment - Won Information","Other","Other","Other"
"208","A6",49,"Treatment","Febrero",2016,"Treatment Pre-Intervention",1,"Won Willingness to Pay Information Bid",0,"No SMS","medium-low","medium-low","Treatment - Won Information","Only Paper Intervention","Other","Other"
"209","A6",40,"Treatment","Marzo",2016,"Treatment Pre-Intervention",1,"Won Willingness to Pay Information Bid",0,"No SMS","medium-low","medium-low","Treatment - Won Information","Only Paper Intervention","Other","Other"
"210","A6",54,"Treatment","Abril",2016,"Treatment Pre-Intervention",1,"Won Willingness to Pay Information Bid",0,"No SMS","medium-low","medium-low","Treatment - Won Information","Only Paper Intervention","Other","Other"
"211","A6",82,"Treatment","Mayo",2016,"Treatment Pre-Intervention",1,"Won Willingness to Pay Information Bid",0,"No SMS","medium-low","medium-low","Treatment - Won Information","Only Paper Intervention","Other","Other"
"212","A6",27,"Treatment","Junio",2016,"Treatment Post-Intervention",1,"Won Willingness to Pay Information Bid",1,"Actively Receiving SMS","medium-low","medium-low","Treatment - Won Information","Other","DR Intervetnion + SMS","DR Intervetnion + SMS All"
"213","A6",3,"Treatment","Julio",2016,"Treatment Post-Intervention",1,"Won Willingness to Pay Information Bid",1,"Actively Receiving SMS","medium-low","medium-low","Treatment - Won Information","Other","DR Intervetnion + SMS","DR Intervetnion + SMS All"
"214","A6",52,"Treatment","Agosto",2016,"Treatment Post-Intervention",1,"Won Willingness to Pay Information Bid",1,"Actively Receiving SMS","medium-low","medium-low","Treatment - Won Information","Other","DR Intervetnion + SMS","DR Intervetnion + SMS All"
"215","A6",-2,"Treatment","Septiembre",2016,"Treatment Post-Intervention",1,"Won Willingness to Pay Information Bid",1,"Actively Receiving SMS","medium-low","medium-low","Treatment - Won Information","Other","DR Intervetnion + SMS","DR Intervetnion + SMS All"
"216","A6",-58,"Treatment","Octubre",2016,"Treatment Post-Intervention",1,"Won Willingness to Pay Information Bid",1,"Actively Receiving SMS","medium-low","medium-low","Treatment - Won Information","Other","DR Intervetnion + SMS","DR Intervetnion + SMS All"
"217","A6",2,"Treatment","Noviembre",2016,"Treatment Post-Intervention",0,"Won Willingness to Pay Information Bid",0,"No SMS","medium-low","medium-low","Treatment - Won Information","Other","Other","DR Intervetnion + SMS All"
"218","A6",3,"Treatment","Diciembre",2016,"Treatment Post-Intervention",0,"Won Willingness to Pay Information Bid",0,"No SMS","medium-low","medium-low","Treatment - Won Information","Other","Other","DR Intervetnion + SMS All"
"219","A6",-5,"Treatment","Enero",2017,"Treatment Post-Intervention",0,"Won Willingness to Pay Information Bid",0,"No SMS","medium-low","medium-low","Treatment - Won Information","Other","Other","Other"
"220","A7",-25,"Treatment","Octubre",2015,"Treatment Pre-Intervention",1,"Lost Willingness to Pay Information Bid",1,"Actively Receiving SMS","medium-high","medium-high","Treatment - Lost Information","Other","Other","Other"
"221","A7",-5,"Treatment","Noviembre",2015,"Treatment Pre-Intervention",0,"Lost Willingness to Pay Information Bid",0,"No SMS","medium-high","medium-high","Treatment - Lost Information","Other","Other","Other"
"222","A7",-112,"Treatment","Diciembre",2015,"Treatment Pre-Intervention",0,"Lost Willingness to Pay Information Bid",0,"No SMS","medium-high","medium-high","Treatment - Lost Information","Other","Other","Other"
"223","A7",-61,"Treatment","Enero",2016,"Treatment Pre-Intervention",0,"Lost Willingness to Pay Information Bid",0,"No SMS","medium-high","medium-high","Treatment - Lost Information","Other","Other","Other"
"224","A7",-34,"Treatment","Febrero",2016,"Treatment Pre-Intervention",1,"Lost Willingness to Pay Information Bid",0,"No SMS","medium-high","medium-high","Treatment - Lost Information","Only Paper Intervention","Other","Other"
"225","A7",-25,"Treatment","Marzo",2016,"Treatment Pre-Intervention",1,"Lost Willingness to Pay Information Bid",0,"No SMS","medium-high","medium-high","Treatment - Lost Information","Only Paper Intervention","Other","Other"
"226","A7",-50,"Treatment","Abril",2016,"Treatment Pre-Intervention",1,"Lost Willingness to Pay Information Bid",0,"No SMS","medium-high","medium-high","Treatment - Lost Information","Only Paper Intervention","Other","Other"
"227","A7",-21,"Treatment","Mayo",2016,"Treatment Pre-Intervention",1,"Lost Willingness to Pay Information Bid",0,"No SMS","medium-high","medium-high","Treatment - Lost Information","Only Paper Intervention","Other","Other"
"228","A7",14,"Treatment","Junio",2016,"Treatment Post-Intervention",1,"Lost Willingness to Pay Information Bid",1,"Actively Receiving SMS","medium-high","medium-high","Treatment - Lost Information","Other","DR Intervetnion + SMS","DR Intervetnion + SMS All"
"229","A7",-64,"Treatment","Julio",2016,"Treatment Post-Intervention",1,"Lost Willingness to Pay Information Bid",1,"Actively Receiving SMS","medium-high","medium-high","Treatment - Lost Information","Other","DR Intervetnion + SMS","DR Intervetnion + SMS All"
"230","A7",-16,"Treatment","Agosto",2016,"Treatment Post-Intervention",1,"Lost Willingness to Pay Information Bid",1,"Actively Receiving SMS","medium-high","medium-high","Treatment - Lost Information","Other","DR Intervetnion + SMS","DR Intervetnion + SMS All"
"231","A7",-30,"Treatment","Septiembre",2016,"Treatment Post-Intervention",1,"Lost Willingness to Pay Information Bid",1,"Actively Receiving SMS","medium-high","medium-high","Treatment - Lost Information","Other","DR Intervetnion + SMS","DR Intervetnion + SMS All"
"232","A7",-18,"Treatment","Octubre",2016,"Treatment Post-Intervention",1,"Lost Willingness to Pay Information Bid",1,"Actively Receiving SMS","medium-high","medium-high","Treatment - Lost Information","Other","DR Intervetnion + SMS","DR Intervetnion + SMS All"
"233","A7",-51,"Treatment","Noviembre",2016,"Treatment Post-Intervention",0,"Lost Willingness to Pay Information Bid",0,"No SMS","medium-high","medium-high","Treatment - Lost Information","Other","Other","DR Intervetnion + SMS All"
"234","A7",-33,"Treatment","Diciembre",2016,"Treatment Post-Intervention",0,"Lost Willingness to Pay Information Bid",0,"No SMS","medium-high","medium-high","Treatment - Lost Information","Other","Other","DR Intervetnion + SMS All"
"235","A7",-39,"Treatment","Enero",2017,"Treatment Post-Intervention",0,"Lost Willingness to Pay Information Bid",0,"No SMS","medium-high","medium-high","Treatment - Lost Information","Other","Other","Other"
"236","A9",21,"Treatment","Octubre",2015,"Treatment Pre-Intervention",1,"Lost Willingness to Pay Information Bid",1,"Actively Receiving SMS","low","low","Treatment - Lost Information","Other","Other","Other"
"237","A9",16,"Treatment","Noviembre",2015,"Treatment Pre-Intervention",0,"Lost Willingness to Pay Information Bid",0,"No SMS","low","low","Treatment - Lost Information","Other","Other","Other"
"238","A9",67,"Treatment","Diciembre",2015,"Treatment Pre-Intervention",0,"Lost Willingness to Pay Information Bid",0,"No SMS","low","low","Treatment - Lost Information","Other","Other","Other"
"239","A9",46,"Treatment","Enero",2016,"Treatment Pre-Intervention",0,"Lost Willingness to Pay Information Bid",0,"No SMS","low","low","Treatment - Lost Information","Other","Other","Other"
"240","A9",76,"Treatment","Febrero",2016,"Treatment Pre-Intervention",1,"Lost Willingness to Pay Information Bid",0,"No SMS","low","low","Treatment - Lost Information","Only Paper Intervention","Other","Other"
"241","A9",81,"Treatment","Marzo",2016,"Treatment Pre-Intervention",1,"Lost Willingness to Pay Information Bid",0,"No SMS","low","low","Treatment - Lost Information","Only Paper Intervention","Other","Other"
"242","A9",100,"Treatment","Abril",2016,"Treatment Pre-Intervention",1,"Lost Willingness to Pay Information Bid",0,"No SMS","low","low","Treatment - Lost Information","Only Paper Intervention","Other","Other"
"243","A9",30,"Treatment","Mayo",2016,"Treatment Pre-Intervention",1,"Lost Willingness to Pay Information Bid",0,"No SMS","low","low","Treatment - Lost Information","Only Paper Intervention","Other","Other"
"244","A9",44,"Treatment","Junio",2016,"Treatment Post-Intervention",1,"Lost Willingness to Pay Information Bid",1,"Actively Receiving SMS","low","low","Treatment - Lost Information","Other","DR Intervetnion + SMS","DR Intervetnion + SMS All"
"245","A9",36,"Treatment","Julio",2016,"Treatment Post-Intervention",1,"Lost Willingness to Pay Information Bid",1,"Actively Receiving SMS","low","low","Treatment - Lost Information","Other","DR Intervetnion + SMS","DR Intervetnion + SMS All"
"246","A9",17,"Treatment","Agosto",2016,"Treatment Post-Intervention",1,"Lost Willingness to Pay Information Bid",1,"Actively Receiving SMS","low","low","Treatment - Lost Information","Other","DR Intervetnion + SMS","DR Intervetnion + SMS All"
"247","A9",15,"Treatment","Septiembre",2016,"Treatment Post-Intervention",1,"Lost Willingness to Pay Information Bid",1,"Actively Receiving SMS","low","low","Treatment - Lost Information","Other","DR Intervetnion + SMS","DR Intervetnion + SMS All"
"248","A9",0,"Treatment","Octubre",2016,"Treatment Post-Intervention",1,"Lost Willingness to Pay Information Bid",1,"Actively Receiving SMS","low","low","Treatment - Lost Information","Other","DR Intervetnion + SMS","DR Intervetnion + SMS All"
"249","A9",-4,"Treatment","Noviembre",2016,"Treatment Post-Intervention",0,"Lost Willingness to Pay Information Bid",0,"No SMS","low","low","Treatment - Lost Information","Other","Other","DR Intervetnion + SMS All"
"250","A9",17,"Treatment","Diciembre",2016,"Treatment Post-Intervention",0,"Lost Willingness to Pay Information Bid",0,"No SMS","low","low","Treatment - Lost Information","Other","Other","DR Intervetnion + SMS All"
"251","A9",-39,"Treatment","Enero",2017,"Treatment Post-Intervention",0,"Lost Willingness to Pay Information Bid",0,"No SMS","low","low","Treatment - Lost Information","Other","Other","Other"
"252","124",69,"Control","Enero",2016,"Control Pre-Intervention",0,"Control",0,"No SMS","Control","Control","Control","Other","Other","Other"
"253","124",58,"Control","Febrero",2016,"Control Pre-Intervention",0,"Control",0,"No SMS","Control","Control","Control","Only Paper Intervention","Other","Other"
"254","124",77,"Control","Marzo",2016,"Control Pre-Intervention",1,"Control",0,"No SMS","Control","Control","Control","Only Paper Intervention","Other","Other"
"255","124",92,"Control","Abril",2016,"Control Pre-Intervention",1,"Control",0,"No SMS","Control","Control","Control","Only Paper Intervention","Other","Other"
"256","124",30,"Control","Mayo",2016,"Control Pre-Intervention",1,"Control",0,"No SMS","Control","Control","Control","Only Paper Intervention","Other","Other"
"257","124",72,"Control","Junio",2016,"Control Post-Intervention",1,"Control",1,"Actively Receiving SMS","Control","Control","Control","Other","DR Intervetnion + SMS","DR Intervetnion + SMS All"
"258","124",71,"Control","Julio",2016,"Control Post-Intervention",1,"Control",1,"Actively Receiving SMS","Control","Control","Control","Other","DR Intervetnion + SMS","DR Intervetnion + SMS All"
"259","124",20,"Control","Agosto",2016,"Control Post-Intervention",1,"Control",1,"Actively Receiving SMS","Control","Control","Control","Other","DR Intervetnion + SMS","DR Intervetnion + SMS All"
"260","124",56,"Control","Septiembre",2016,"Control Post-Intervention",1,"Control",1,"Actively Receiving SMS","Control","Control","Control","Other","DR Intervetnion + SMS","DR Intervetnion + SMS All"
"261","124",5,"Control","Octubre",2016,"Control Post-Intervention",1,"Control",1,"Actively Receiving SMS","Control","Control","Control","Other","DR Intervetnion + SMS","DR Intervetnion + SMS All"
"262","124",-126,"Control","Noviembre",2016,"Control Post-Intervention",1,"Control",1,"Actively Receiving SMS","Control","Control","Control","Other","Other","DR Intervetnion + SMS All"
"263","124",-119,"Control","Diciembre",2016,"Control Post-Intervention",0,"Control",0,"No SMS","Control","Control","Control","Other","Other","DR Intervetnion + SMS All"
"264","124",-144,"Control","Enero",2017,"Control Post-Intervention",0,"Control",0,"No SMS","Control","Control","Control","Other","Other","Other"
"265","185",-59,"Control","Enero",2016,"Control Pre-Intervention",0,"Control",0,"No SMS","Control","Control","Control","Other","Other","Other"
"266","185",-53,"Control","Febrero",2016,"Control Pre-Intervention",0,"Control",0,"No SMS","Control","Control","Control","Only Paper Intervention","Other","Other"
"267","185",-59,"Control","Marzo",2016,"Control Pre-Intervention",1,"Control",0,"No SMS","Control","Control","Control","Only Paper Intervention","Other","Other"
"268","185",-14,"Control","Abril",2016,"Control Pre-Intervention",1,"Control",0,"No SMS","Control","Control","Control","Only Paper Intervention","Other","Other"
"269","185",-76,"Control","Mayo",2016,"Control Pre-Intervention",1,"Control",0,"No SMS","Control","Control","Control","Only Paper Intervention","Other","Other"
"270","185",-78,"Control","Junio",2016,"Control Post-Intervention",1,"Control",1,"Actively Receiving SMS","Control","Control","Control","Other","DR Intervetnion + SMS","DR Intervetnion + SMS All"
"271","185",12,"Control","Julio",2016,"Control Post-Intervention",1,"Control",1,"Actively Receiving SMS","Control","Control","Control","Other","DR Intervetnion + SMS","DR Intervetnion + SMS All"
"272","185",37,"Control","Agosto",2016,"Control Post-Intervention",1,"Control",1,"Actively Receiving SMS","Control","Control","Control","Other","DR Intervetnion + SMS","DR Intervetnion + SMS All"
"273","185",2,"Control","Septiembre",2016,"Control Post-Intervention",1,"Control",1,"Actively Receiving SMS","Control","Control","Control","Other","DR Intervetnion + SMS","DR Intervetnion + SMS All"
"274","185",8,"Control","Octubre",2016,"Control Post-Intervention",1,"Control",1,"Actively Receiving SMS","Control","Control","Control","Other","DR Intervetnion + SMS","DR Intervetnion + SMS All"
"275","185",8,"Control","Noviembre",2016,"Control Post-Intervention",1,"Control",1,"Actively Receiving SMS","Control","Control","Control","Other","Other","DR Intervetnion + SMS All"
"276","185",-56,"Control","Diciembre",2016,"Control Post-Intervention",0,"Control",0,"No SMS","Control","Control","Control","Other","Other","DR Intervetnion + SMS All"
"277","185",-67,"Control","Enero",2017,"Control Post-Intervention",0,"Control",0,"No SMS","Control","Control","Control","Other","Other","Other"
"278","20",51,"Control","Enero",2016,"Control Pre-Intervention",0,"Control",0,"No SMS","Control","Control","Control","Other","Other","Other"
"279","20",102,"Control","Febrero",2016,"Control Pre-Intervention",0,"Control",0,"No SMS","Control","Control","Control","Only Paper Intervention","Other","Other"
"280","20",-21,"Control","Marzo",2016,"Control Pre-Intervention",1,"Control",0,"No SMS","Control","Control","Control","Only Paper Intervention","Other","Other"
"281","20",26,"Control","Abril",2016,"Control Pre-Intervention",1,"Control",0,"No SMS","Control","Control","Control","Only Paper Intervention","Other","Other"
"282","20",42,"Control","Mayo",2016,"Control Pre-Intervention",1,"Control",0,"No SMS","Control","Control","Control","Only Paper Intervention","Other","Other"
"283","20",60,"Control","Junio",2016,"Control Post-Intervention",1,"Control",1,"Actively Receiving SMS","Control","Control","Control","Other","DR Intervetnion + SMS","DR Intervetnion + SMS All"
"284","20",37,"Control","Julio",2016,"Control Post-Intervention",1,"Control",1,"Actively Receiving SMS","Control","Control","Control","Other","DR Intervetnion + SMS","DR Intervetnion + SMS All"
"285","20",88,"Control","Agosto",2016,"Control Post-Intervention",1,"Control",1,"Actively Receiving SMS","Control","Control","Control","Other","DR Intervetnion + SMS","DR Intervetnion + SMS All"
"286","20",-31,"Control","Septiembre",2016,"Control Post-Intervention",1,"Control",1,"Actively Receiving SMS","Control","Control","Control","Other","DR Intervetnion + SMS","DR Intervetnion + SMS All"
"287","20",-16,"Control","Octubre",2016,"Control Post-Intervention",1,"Control",1,"Actively Receiving SMS","Control","Control","Control","Other","DR Intervetnion + SMS","DR Intervetnion + SMS All"
"288","20",-5,"Control","Noviembre",2016,"Control Post-Intervention",1,"Control",1,"Actively Receiving SMS","Control","Control","Control","Other","Other","DR Intervetnion + SMS All"
"289","20",8,"Control","Diciembre",2016,"Control Post-Intervention",0,"Control",0,"No SMS","Control","Control","Control","Other","Other","DR Intervetnion + SMS All"
"290","20",-24,"Control","Enero",2017,"Control Post-Intervention",0,"Control",0,"No SMS","Control","Control","Control","Other","Other","Other"
"291","203",80,"Control","Enero",2016,"Control Pre-Intervention",0,"Control",0,"No SMS","Control","Control","Control","Other","Other","Other"
"292","203",22,"Control","Febrero",2016,"Control Pre-Intervention",0,"Control",0,"No SMS","Control","Control","Control","Only Paper Intervention","Other","Other"
"293","203",20,"Control","Marzo",2016,"Control Pre-Intervention",1,"Control",0,"No SMS","Control","Control","Control","Only Paper Intervention","Other","Other"
"294","203",36,"Control","Abril",2016,"Control Pre-Intervention",1,"Control",0,"No SMS","Control","Control","Control","Only Paper Intervention","Other","Other"
"295","203",16,"Control","Mayo",2016,"Control Pre-Intervention",1,"Control",0,"No SMS","Control","Control","Control","Only Paper Intervention","Other","Other"
"296","203",28,"Control","Junio",2016,"Control Post-Intervention",1,"Control",1,"Actively Receiving SMS","Control","Control","Control","Other","DR Intervetnion + SMS","DR Intervetnion + SMS All"
"297","203",7,"Control","Julio",2016,"Control Post-Intervention",1,"Control",1,"Actively Receiving SMS","Control","Control","Control","Other","DR Intervetnion + SMS","DR Intervetnion + SMS All"
"298","203",8,"Control","Agosto",2016,"Control Post-Intervention",1,"Control",1,"Actively Receiving SMS","Control","Control","Control","Other","DR Intervetnion + SMS","DR Intervetnion + SMS All"
"299","203",-33,"Control","Septiembre",2016,"Control Post-Intervention",1,"Control",1,"Actively Receiving SMS","Control","Control","Control","Other","DR Intervetnion + SMS","DR Intervetnion + SMS All"
"300","203",-31,"Control","Octubre",2016,"Control Post-Intervention",1,"Control",1,"Actively Receiving SMS","Control","Control","Control","Other","DR Intervetnion + SMS","DR Intervetnion + SMS All"
"301","203",-42,"Control","Noviembre",2016,"Control Post-Intervention",1,"Control",1,"Actively Receiving SMS","Control","Control","Control","Other","Other","DR Intervetnion + SMS All"
"302","203",-43,"Control","Diciembre",2016,"Control Post-Intervention",0,"Control",0,"No SMS","Control","Control","Control","Other","Other","DR Intervetnion + SMS All"
"303","203",-53,"Control","Enero",2017,"Control Post-Intervention",0,"Control",0,"No SMS","Control","Control","Control","Other","Other","Other"
"304","204",28,"Control","Agosto",2015,"Control Pre-Intervention",1,"Control",1,"Actively Receiving SMS","Control","Control","Control","Other","Other","Other"
"305","204",-96,"Control","Septiembre",2015,"Control Pre-Intervention",1,"Control",1,"Actively Receiving SMS","Control","Control","Control","Other","Other","Other"
"306","204",13,"Control","Octubre",2015,"Control Pre-Intervention",1,"Control",1,"Actively Receiving SMS","Control","Control","Control","Other","Other","Other"
"307","204",-11,"Control","Noviembre",2015,"Control Pre-Intervention",1,"Control",1,"Actively Receiving SMS","Control","Control","Control","Other","Other","Other"
"308","204",6,"Control","Diciembre",2015,"Control Pre-Intervention",0,"Control",0,"No SMS","Control","Control","Control","Other","Other","Other"
"309","204",-4,"Control","Enero",2016,"Control Pre-Intervention",0,"Control",0,"No SMS","Control","Control","Control","Other","Other","Other"
"310","204",6,"Control","Febrero",2016,"Control Pre-Intervention",0,"Control",0,"No SMS","Control","Control","Control","Only Paper Intervention","Other","Other"
"311","204",-67,"Control","Marzo",2016,"Control Pre-Intervention",1,"Control",0,"No SMS","Control","Control","Control","Only Paper Intervention","Other","Other"
"312","204",-17,"Control","Abril",2016,"Control Pre-Intervention",1,"Control",0,"No SMS","Control","Control","Control","Only Paper Intervention","Other","Other"
"313","204",-25,"Control","Mayo",2016,"Control Pre-Intervention",1,"Control",0,"No SMS","Control","Control","Control","Only Paper Intervention","Other","Other"
"314","204",-14,"Control","Junio",2016,"Control Post-Intervention",1,"Control",1,"Actively Receiving SMS","Control","Control","Control","Other","DR Intervetnion + SMS","DR Intervetnion + SMS All"
"315","204",-18,"Control","Julio",2016,"Control Post-Intervention",1,"Control",1,"Actively Receiving SMS","Control","Control","Control","Other","DR Intervetnion + SMS","DR Intervetnion + SMS All"
"316","204",-26,"Control","Agosto",2016,"Control Post-Intervention",1,"Control",1,"Actively Receiving SMS","Control","Control","Control","Other","DR Intervetnion + SMS","DR Intervetnion + SMS All"
"317","204",-28,"Control","Septiembre",2016,"Control Post-Intervention",1,"Control",1,"Actively Receiving SMS","Control","Control","Control","Other","DR Intervetnion + SMS","DR Intervetnion + SMS All"
"318","204",-39,"Control","Octubre",2016,"Control Post-Intervention",1,"Control",1,"Actively Receiving SMS","Control","Control","Control","Other","DR Intervetnion + SMS","DR Intervetnion + SMS All"
"319","204",-18,"Control","Noviembre",2016,"Control Post-Intervention",1,"Control",1,"Actively Receiving SMS","Control","Control","Control","Other","Other","DR Intervetnion + SMS All"
"320","204",-18,"Control","Diciembre",2016,"Control Post-Intervention",0,"Control",0,"No SMS","Control","Control","Control","Other","Other","DR Intervetnion + SMS All"
"321","204",-18,"Control","Enero",2017,"Control Post-Intervention",0,"Control",0,"No SMS","Control","Control","Control","Other","Other","Other"
"322","26",10,"Control","Enero",2016,"Control Pre-Intervention",0,"Control",0,"No SMS","Control","Control","Control","Other","Other","Other"
"323","26",39,"Control","Febrero",2016,"Control Pre-Intervention",0,"Control",0,"No SMS","Control","Control","Control","Only Paper Intervention","Other","Other"
"324","26",-203,"Control","Marzo",2016,"Control Pre-Intervention",1,"Control",0,"No SMS","Control","Control","Control","Only Paper Intervention","Other","Other"
"325","26",48,"Control","Abril",2016,"Control Pre-Intervention",1,"Control",0,"No SMS","Control","Control","Control","Only Paper Intervention","Other","Other"
"326","26",17,"Control","Mayo",2016,"Control Pre-Intervention",1,"Control",0,"No SMS","Control","Control","Control","Only Paper Intervention","Other","Other"
"327","26",65,"Control","Junio",2016,"Control Post-Intervention",1,"Control",1,"Actively Receiving SMS","Control","Control","Control","Other","DR Intervetnion + SMS","DR Intervetnion + SMS All"
"328","26",58,"Control","Julio",2016,"Control Post-Intervention",1,"Control",1,"Actively Receiving SMS","Control","Control","Control","Other","DR Intervetnion + SMS","DR Intervetnion + SMS All"
"329","26",46,"Control","Agosto",2016,"Control Post-Intervention",1,"Control",1,"Actively Receiving SMS","Control","Control","Control","Other","DR Intervetnion + SMS","DR Intervetnion + SMS All"
"330","26",11,"Control","Septiembre",2016,"Control Post-Intervention",1,"Control",1,"Actively Receiving SMS","Control","Control","Control","Other","DR Intervetnion + SMS","DR Intervetnion + SMS All"
"331","26",20,"Control","Octubre",2016,"Control Post-Intervention",1,"Control",1,"Actively Receiving SMS","Control","Control","Control","Other","DR Intervetnion + SMS","DR Intervetnion + SMS All"
"332","26",88,"Control","Noviembre",2016,"Control Post-Intervention",1,"Control",1,"Actively Receiving SMS","Control","Control","Control","Other","Other","DR Intervetnion + SMS All"
"333","26",63,"Control","Diciembre",2016,"Control Post-Intervention",0,"Control",0,"No SMS","Control","Control","Control","Other","Other","DR Intervetnion + SMS All"
"334","26",80,"Control","Enero",2017,"Control Post-Intervention",0,"Control",0,"No SMS","Control","Control","Control","Other","Other","Other"
"335","302",-31,"Control","Enero",2016,"Control Pre-Intervention",0,"Control",0,"No SMS","Control","Control","Control","Other","Other","Other"
"336","302",5,"Control","Febrero",2016,"Control Pre-Intervention",0,"Control",0,"No SMS","Control","Control","Control","Only Paper Intervention","Other","Other"
"337","302",-2,"Control","Marzo",2016,"Control Pre-Intervention",1,"Control",0,"No SMS","Control","Control","Control","Only Paper Intervention","Other","Other"
"338","302",-6,"Control","Abril",2016,"Control Pre-Intervention",1,"Control",0,"No SMS","Control","Control","Control","Only Paper Intervention","Other","Other"
"339","302",-32,"Control","Mayo",2016,"Control Pre-Intervention",1,"Control",0,"No SMS","Control","Control","Control","Only Paper Intervention","Other","Other"
"340","302",44,"Control","Junio",2016,"Control Post-Intervention",1,"Control",1,"Actively Receiving SMS","Control","Control","Control","Other","DR Intervetnion + SMS","DR Intervetnion + SMS All"
"341","302",66,"Control","Julio",2016,"Control Post-Intervention",1,"Control",1,"Actively Receiving SMS","Control","Control","Control","Other","DR Intervetnion + SMS","DR Intervetnion + SMS All"
"342","302",91,"Control","Agosto",2016,"Control Post-Intervention",1,"Control",1,"Actively Receiving SMS","Control","Control","Control","Other","DR Intervetnion + SMS","DR Intervetnion + SMS All"
"343","302",79,"Control","Septiembre",2016,"Control Post-Intervention",1,"Control",1,"Actively Receiving SMS","Control","Control","Control","Other","DR Intervetnion + SMS","DR Intervetnion + SMS All"
"344","302",86,"Control","Octubre",2016,"Control Post-Intervention",1,"Control",1,"Actively Receiving SMS","Control","Control","Control","Other","DR Intervetnion + SMS","DR Intervetnion + SMS All"
"345","302",63,"Control","Noviembre",2016,"Control Post-Intervention",1,"Control",1,"Actively Receiving SMS","Control","Control","Control","Other","Other","DR Intervetnion + SMS All"
"346","302",113,"Control","Diciembre",2016,"Control Post-Intervention",0,"Control",0,"No SMS","Control","Control","Control","Other","Other","DR Intervetnion + SMS All"
"347","302",75,"Control","Enero",2017,"Control Post-Intervention",0,"Control",0,"No SMS","Control","Control","Control","Other","Other","Other"
"348","304",-14,"Control","Enero",2016,"Control Pre-Intervention",0,"Control",0,"No SMS","Control","Control","Control","Other","Other","Other"
"349","304",8,"Control","Febrero",2016,"Control Pre-Intervention",0,"Control",0,"No SMS","Control","Control","Control","Only Paper Intervention","Other","Other"
"350","304",13,"Control","Marzo",2016,"Control Pre-Intervention",1,"Control",0,"No SMS","Control","Control","Control","Only Paper Intervention","Other","Other"
"351","304",18,"Control","Abril",2016,"Control Pre-Intervention",1,"Control",0,"No SMS","Control","Control","Control","Only Paper Intervention","Other","Other"
"352","304",9,"Control","Mayo",2016,"Control Pre-Intervention",1,"Control",0,"No SMS","Control","Control","Control","Only Paper Intervention","Other","Other"
"353","304",-4,"Control","Junio",2016,"Control Post-Intervention",1,"Control",1,"Actively Receiving SMS","Control","Control","Control","Other","DR Intervetnion + SMS","DR Intervetnion + SMS All"
"354","304",9,"Control","Julio",2016,"Control Post-Intervention",1,"Control",1,"Actively Receiving SMS","Control","Control","Control","Other","DR Intervetnion + SMS","DR Intervetnion + SMS All"
"355","304",13,"Control","Agosto",2016,"Control Post-Intervention",1,"Control",1,"Actively Receiving SMS","Control","Control","Control","Other","DR Intervetnion + SMS","DR Intervetnion + SMS All"
"356","304",21,"Control","Septiembre",2016,"Control Post-Intervention",1,"Control",1,"Actively Receiving SMS","Control","Control","Control","Other","DR Intervetnion + SMS","DR Intervetnion + SMS All"
"357","304",16,"Control","Octubre",2016,"Control Post-Intervention",1,"Control",1,"Actively Receiving SMS","Control","Control","Control","Other","DR Intervetnion + SMS","DR Intervetnion + SMS All"
"358","304",23,"Control","Noviembre",2016,"Control Post-Intervention",1,"Control",1,"Actively Receiving SMS","Control","Control","Control","Other","Other","DR Intervetnion + SMS All"
"359","304",25,"Control","Diciembre",2016,"Control Post-Intervention",0,"Control",0,"No SMS","Control","Control","Control","Other","Other","DR Intervetnion + SMS All"
"360","304",22,"Control","Enero",2017,"Control Post-Intervention",0,"Control",0,"No SMS","Control","Control","Control","Other","Other","Other"
"361","305",28,"Control","Enero",2016,"Control Pre-Intervention",0,"Control",0,"No SMS","Control","Control","Control","Other","Other","Other"
"362","305",29,"Control","Febrero",2016,"Control Pre-Intervention",0,"Control",0,"No SMS","Control","Control","Control","Only Paper Intervention","Other","Other"
"363","305",19,"Control","Marzo",2016,"Control Pre-Intervention",1,"Control",0,"No SMS","Control","Control","Control","Only Paper Intervention","Other","Other"
"364","305",10,"Control","Abril",2016,"Control Pre-Intervention",1,"Control",0,"No SMS","Control","Control","Control","Only Paper Intervention","Other","Other"
"365","305",-13,"Control","Mayo",2016,"Control Pre-Intervention",1,"Control",0,"No SMS","Control","Control","Control","Only Paper Intervention","Other","Other"
"366","305",30,"Control","Junio",2016,"Control Post-Intervention",1,"Control",1,"Actively Receiving SMS","Control","Control","Control","Other","DR Intervetnion + SMS","DR Intervetnion + SMS All"
"367","305",37,"Control","Julio",2016,"Control Post-Intervention",1,"Control",1,"Actively Receiving SMS","Control","Control","Control","Other","DR Intervetnion + SMS","DR Intervetnion + SMS All"
"368","305",-4,"Control","Agosto",2016,"Control Post-Intervention",1,"Control",1,"Actively Receiving SMS","Control","Control","Control","Other","DR Intervetnion + SMS","DR Intervetnion + SMS All"
"369","305",-10,"Control","Septiembre",2016,"Control Post-Intervention",1,"Control",1,"Actively Receiving SMS","Control","Control","Control","Other","DR Intervetnion + SMS","DR Intervetnion + SMS All"
"370","305",-2,"Control","Octubre",2016,"Control Post-Intervention",1,"Control",1,"Actively Receiving SMS","Control","Control","Control","Other","DR Intervetnion + SMS","DR Intervetnion + SMS All"
"371","305",16,"Control","Noviembre",2016,"Control Post-Intervention",1,"Control",1,"Actively Receiving SMS","Control","Control","Control","Other","Other","DR Intervetnion + SMS All"
"372","305",11,"Control","Diciembre",2016,"Control Post-Intervention",0,"Control",0,"No SMS","Control","Control","Control","Other","Other","DR Intervetnion + SMS All"
"373","305",0,"Control","Enero",2017,"Control Post-Intervention",0,"Control",0,"No SMS","Control","Control","Control","Other","Other","Other"
"374","307",-77,"Control","Julio",2016,"Control Post-Intervention",1,"Control",1,"Actively Receiving SMS","Control","Control","Control","Other","DR Intervetnion + SMS","DR Intervetnion + SMS All"
"375","307",15,"Control","Agosto",2016,"Control Post-Intervention",1,"Control",1,"Actively Receiving SMS","Control","Control","Control","Other","DR Intervetnion + SMS","DR Intervetnion + SMS All"
"376","307",-1,"Control","Septiembre",2016,"Control Post-Intervention",1,"Control",1,"Actively Receiving SMS","Control","Control","Control","Other","DR Intervetnion + SMS","DR Intervetnion + SMS All"
"377","307",-18,"Control","Octubre",2016,"Control Post-Intervention",1,"Control",1,"Actively Receiving SMS","Control","Control","Control","Other","DR Intervetnion + SMS","DR Intervetnion + SMS All"
"378","307",-8,"Control","Noviembre",2016,"Control Post-Intervention",1,"Control",1,"Actively Receiving SMS","Control","Control","Control","Other","Other","DR Intervetnion + SMS All"
"379","307",2,"Control","Diciembre",2016,"Control Post-Intervention",0,"Control",0,"No SMS","Control","Control","Control","Other","Other","DR Intervetnion + SMS All"
"380","307",-7,"Control","Enero",2017,"Control Post-Intervention",0,"Control",0,"No SMS","Control","Control","Control","Other","Other","Other"
"381","310",-31,"Control","Febrero",2016,"Control Pre-Intervention",0,"Control",0,"No SMS","Control","Control","Control","Only Paper Intervention","Other","Other"
"382","310",-31,"Control","Marzo",2016,"Control Pre-Intervention",1,"Control",0,"No SMS","Control","Control","Control","Only Paper Intervention","Other","Other"
"383","310",-48,"Control","Abril",2016,"Control Pre-Intervention",1,"Control",0,"No SMS","Control","Control","Control","Only Paper Intervention","Other","Other"
"384","310",81,"Control","Mayo",2016,"Control Pre-Intervention",1,"Control",0,"No SMS","Control","Control","Control","Only Paper Intervention","Other","Other"
"385","310",4,"Control","Junio",2016,"Control Post-Intervention",1,"Control",1,"Actively Receiving SMS","Control","Control","Control","Other","DR Intervetnion + SMS","DR Intervetnion + SMS All"
"386","310",139,"Control","Julio",2016,"Control Post-Intervention",1,"Control",1,"Actively Receiving SMS","Control","Control","Control","Other","DR Intervetnion + SMS","DR Intervetnion + SMS All"
"387","310",-6,"Control","Agosto",2016,"Control Post-Intervention",1,"Control",1,"Actively Receiving SMS","Control","Control","Control","Other","DR Intervetnion + SMS","DR Intervetnion + SMS All"
"388","310",0,"Control","Septiembre",2016,"Control Post-Intervention",1,"Control",1,"Actively Receiving SMS","Control","Control","Control","Other","DR Intervetnion + SMS","DR Intervetnion + SMS All"
"389","310",-74,"Control","Octubre",2016,"Control Post-Intervention",1,"Control",1,"Actively Receiving SMS","Control","Control","Control","Other","DR Intervetnion + SMS","DR Intervetnion + SMS All"
"390","310",122,"Control","Noviembre",2016,"Control Post-Intervention",1,"Control",1,"Actively Receiving SMS","Control","Control","Control","Other","Other","DR Intervetnion + SMS All"
"391","310",21,"Control","Diciembre",2016,"Control Post-Intervention",0,"Control",0,"No SMS","Control","Control","Control","Other","Other","DR Intervetnion + SMS All"
"392","310",108,"Control","Enero",2017,"Control Post-Intervention",0,"Control",0,"No SMS","Control","Control","Control","Other","Other","Other"
"393","7",2,"Control","Enero",2016,"Control Pre-Intervention",0,"Control",0,"No SMS","Control","Control","Control","Other","Other","Other"
"394","7",7,"Control","Febrero",2016,"Control Pre-Intervention",0,"Control",0,"No SMS","Control","Control","Control","Only Paper Intervention","Other","Other"
"395","7",6,"Control","Marzo",2016,"Control Pre-Intervention",1,"Control",0,"No SMS","Control","Control","Control","Only Paper Intervention","Other","Other"
"396","7",5,"Control","Abril",2016,"Control Pre-Intervention",1,"Control",0,"No SMS","Control","Control","Control","Only Paper Intervention","Other","Other"
"397","7",7,"Control","Mayo",2016,"Control Pre-Intervention",1,"Control",0,"No SMS","Control","Control","Control","Only Paper Intervention","Other","Other"
"398","7",13,"Control","Junio",2016,"Control Post-Intervention",1,"Control",1,"Actively Receiving SMS","Control","Control","Control","Other","DR Intervetnion + SMS","DR Intervetnion + SMS All"
"399","7",0,"Control","Julio",2016,"Control Post-Intervention",1,"Control",1,"Actively Receiving SMS","Control","Control","Control","Other","DR Intervetnion + SMS","DR Intervetnion + SMS All"
"400","7",14,"Control","Agosto",2016,"Control Post-Intervention",1,"Control",1,"Actively Receiving SMS","Control","Control","Control","Other","DR Intervetnion + SMS","DR Intervetnion + SMS All"
"401","7",9,"Control","Septiembre",2016,"Control Post-Intervention",1,"Control",1,"Actively Receiving SMS","Control","Control","Control","Other","DR Intervetnion + SMS","DR Intervetnion + SMS All"
"402","7",45,"Control","Octubre",2016,"Control Post-Intervention",1,"Control",1,"Actively Receiving SMS","Control","Control","Control","Other","DR Intervetnion + SMS","DR Intervetnion + SMS All"
"403","7",92,"Control","Noviembre",2016,"Control Post-Intervention",1,"Control",1,"Actively Receiving SMS","Control","Control","Control","Other","Other","DR Intervetnion + SMS All"
"404","7",51,"Control","Diciembre",2016,"Control Post-Intervention",0,"Control",0,"No SMS","Control","Control","Control","Other","Other","DR Intervetnion + SMS All"
"405","7",2,"Control","Enero",2017,"Control Post-Intervention",0,"Control",0,"No SMS","Control","Control","Control","Other","Other","Other"
"406","77",13,"Control","Enero",2016,"Control Pre-Intervention",0,"Control",0,"No SMS","Control","Control","Control","Other","Other","Other"
"407","77",-10,"Control","Febrero",2016,"Control Pre-Intervention",0,"Control",0,"No SMS","Control","Control","Control","Only Paper Intervention","Other","Other"
"408","77",15,"Control","Marzo",2016,"Control Pre-Intervention",1,"Control",0,"No SMS","Control","Control","Control","Only Paper Intervention","Other","Other"
"409","77",25,"Control","Abril",2016,"Control Pre-Intervention",1,"Control",0,"No SMS","Control","Control","Control","Only Paper Intervention","Other","Other"
"410","77",22,"Control","Mayo",2016,"Control Pre-Intervention",1,"Control",0,"No SMS","Control","Control","Control","Only Paper Intervention","Other","Other"
"411","77",4,"Control","Junio",2016,"Control Post-Intervention",1,"Control",1,"Actively Receiving SMS","Control","Control","Control","Other","DR Intervetnion + SMS","DR Intervetnion + SMS All"
"412","77",-10,"Control","Julio",2016,"Control Post-Intervention",1,"Control",1,"Actively Receiving SMS","Control","Control","Control","Other","DR Intervetnion + SMS","DR Intervetnion + SMS All"
"413","77",1,"Control","Agosto",2016,"Control Post-Intervention",1,"Control",1,"Actively Receiving SMS","Control","Control","Control","Other","DR Intervetnion + SMS","DR Intervetnion + SMS All"
"414","77",-21,"Control","Septiembre",2016,"Control Post-Intervention",1,"Control",1,"Actively Receiving SMS","Control","Control","Control","Other","DR Intervetnion + SMS","DR Intervetnion + SMS All"
"415","77",-36,"Control","Octubre",2016,"Control Post-Intervention",1,"Control",1,"Actively Receiving SMS","Control","Control","Control","Other","DR Intervetnion + SMS","DR Intervetnion + SMS All"
"416","77",-29,"Control","Noviembre",2016,"Control Post-Intervention",1,"Control",1,"Actively Receiving SMS","Control","Control","Control","Other","Other","DR Intervetnion + SMS All"
"417","77",-23,"Control","Diciembre",2016,"Control Post-Intervention",0,"Control",0,"No SMS","Control","Control","Control","Other","Other","DR Intervetnion + SMS All"
"418","77",-35,"Control","Enero",2017,"Control Post-Intervention",0,"Control",0,"No SMS","Control","Control","Control","Other","Other","Other"
